record_id,dataset_id,state,district,locality,category,metric_name,metric_value,unit,year,period,geographic_level,source_reference,notes
ds-jjm-water-coverage-2024-REC-0001,ds-jjm-water-coverage-2024,Maharashtra,Dharashiv,,Water,Rural Tap Water Coverage,50.76,%,2024,FY 2024,District,OGD-JJM-2024-MH-01,"Total Rural Households: 312450, Tap Connections Provided: 158600"
ds-jjm-water-coverage-2024-REC-0002,ds-jjm-water-coverage-2024,Maharashtra,Pune,,Water,Rural Tap Water Coverage,82.51,%,2024,FY 2024,District,OGD-JJM-2024-MH-02,"Total Rural Households: 742100, Tap Connections Provided: 612300"
ds-jjm-water-coverage-2024-REC-0003,ds-jjm-water-coverage-2024,Maharashtra,Nagpur,,Water,Rural Tap Water Coverage,80.62,%,2024,FY 2024,District,OGD-JJM-2024-MH-03,"Total Rural Households: 428900, Tap Connections Provided: 345800"
ds-jjm-water-coverage-2024-REC-0004,ds-jjm-water-coverage-2024,Maharashtra,Nashik,,Water,Rural Tap Water Coverage,68.49,%,2024,FY 2024,District,OGD-JJM-2024-MH-04,"Total Rural Households: 689300, Tap Connections Provided: 472100"
ds-jjm-water-coverage-2024-REC-0005,ds-jjm-water-coverage-2024,Maharashtra,Nanded,,Water,Rural Tap Water Coverage,55.87,%,2024,FY 2024,District,OGD-JJM-2024-MH-05,"Total Rural Households: 534100, Tap Connections Provided: 298400"
ds-jjm-water-coverage-2024-REC-0006,ds-jjm-water-coverage-2024,Karnataka,Bengaluru Rural,,Water,Rural Tap Water Coverage,84.78,%,2024,FY 2024,District,OGD-JJM-2024-KA-01,"Total Rural Households: 198400, Tap Connections Provided: 168200"
ds-jjm-water-coverage-2024-REC-0007,ds-jjm-water-coverage-2024,Karnataka,Belagavi,,Water,Rural Tap Water Coverage,69.68,%,2024,FY 2024,District,OGD-JJM-2024-KA-02,"Total Rural Households: 845600, Tap Connections Provided: 589200"
ds-jjm-water-coverage-2024-REC-0008,ds-jjm-water-coverage-2024,Karnataka,Kalaburagi,,Water,Rural Tap Water Coverage,49.2,%,2024,FY 2024,District,OGD-JJM-2024-KA-03,"Total Rural Households: 498200, Tap Connections Provided: 245100"
ds-jjm-water-coverage-2024-REC-0009,ds-jjm-water-coverage-2024,Uttar Pradesh,Varanasi,,Water,Rural Tap Water Coverage,73.28,%,2024,FY 2024,District,OGD-JJM-2024-UP-01,"Total Rural Households: 394500, Tap Connections Provided: 289100"
ds-jjm-water-coverage-2024-REC-0010,ds-jjm-water-coverage-2024,Uttar Pradesh,Gorakhpur,,Water,Rural Tap Water Coverage,57.22,%,2024,FY 2024,District,OGD-JJM-2024-UP-02,"Total Rural Households: 721400, Tap Connections Provided: 412800"
ds-jjm-water-coverage-2024-REC-0011,ds-jjm-water-coverage-2024,Uttar Pradesh,Prayagraj,,Water,Rural Tap Water Coverage,53.91,%,2024,FY 2024,District,OGD-JJM-2024-UP-03,"Total Rural Households: 812900, Tap Connections Provided: 438200"
ds-jjm-water-coverage-2024-REC-0012,ds-jjm-water-coverage-2024,Tamil Nadu,Madurai,,Water,Rural Tap Water Coverage,81.98,%,2024,FY 2024,District,OGD-JJM-2024-TN-01,"Total Rural Households: 412800, Tap Connections Provided: 338400"
ds-jjm-water-coverage-2024-REC-0013,ds-jjm-water-coverage-2024,Tamil Nadu,Coimbatore,,Water,Rural Tap Water Coverage,91.64,%,2024,FY 2024,District,OGD-JJM-2024-TN-02,"Total Rural Households: 289600, Tap Connections Provided: 265400"
ds-jjm-water-coverage-2024-REC-0014,ds-jjm-water-coverage-2024,Bihar,Patna,,Water,Rural Tap Water Coverage,95.47,%,2024,FY 2024,District,OGD-JJM-2024-BR-01,"Total Rural Households: 512400, Tap Connections Provided: 489200"
ds-jjm-water-coverage-2024-REC-0015,ds-jjm-water-coverage-2024,Bihar,Gaya,,Water,Rural Tap Water Coverage,86.72,%,2024,FY 2024,District,OGD-JJM-2024-BR-02,"Total Rural Households: 648200, Tap Connections Provided: 562100"
ds-jjm-water-coverage-2024-REC-0016,ds-jjm-water-coverage-2024,Madhya Pradesh,Indore,,Water,Rural Tap Water Coverage,76.97,%,2024,FY 2024,District,OGD-JJM-2024-MP-01,"Total Rural Households: 245800, Tap Connections Provided: 189200"
ds-jjm-water-coverage-2024-REC-0017,ds-jjm-water-coverage-2024,Madhya Pradesh,Bhopal,,Water,Rural Tap Water Coverage,69.75,%,2024,FY 2024,District,OGD-JJM-2024-MP-02,"Total Rural Households: 189400, Tap Connections Provided: 132100"
ds-jjm-water-coverage-2024-REC-0018,ds-jjm-water-coverage-2024,Rajasthan,Jaipur,,Water,Rural Tap Water Coverage,50.65,%,2024,FY 2024,District,OGD-JJM-2024-RJ-01,"Total Rural Households: 589200, Tap Connections Provided: 298400"
ds-jjm-water-coverage-2024-REC-0019,ds-jjm-water-coverage-2024,Rajasthan,Jodhpur,,Water,Rural Tap Water Coverage,39.29,%,2024,FY 2024,District,OGD-JJM-2024-RJ-02,"Total Rural Households: 482100, Tap Connections Provided: 189400"
ds-jjm-water-coverage-2024-REC-0020,ds-jjm-water-coverage-2024,Gujarat,Ahmedabad,,Water,Rural Tap Water Coverage,95.4,%,2024,FY 2024,District,OGD-JJM-2024-GJ-01,"Total Rural Households: 312800, Tap Connections Provided: 298400"
ds-jjm-water-coverage-2024-REC-0021,ds-jjm-water-coverage-2024,Gujarat,Surat,,Water,Rural Tap Water Coverage,96.1,%,2024,FY 2024,District,OGD-JJM-2024-GJ-02,"Total Rural Households: 289400, Tap Connections Provided: 278100"
ds-jjm-water-coverage-2024-REC-0022,ds-jjm-water-coverage-2024,Odisha,Khordha,,Water,Rural Tap Water Coverage,63.41,%,2024,FY 2024,District,OGD-JJM-2024-OD-01,"Total Rural Households: 298400, Tap Connections Provided: 189200"
ds-jjm-water-coverage-2024-REC-0023,ds-jjm-water-coverage-2024,Odisha,Cuttack,,Water,Rural Tap Water Coverage,62.98,%,2024,FY 2024,District,OGD-JJM-2024-OD-02,"Total Rural Households: 389200, Tap Connections Provided: 245100"
ds-jjm-water-coverage-2024-REC-0024,ds-jjm-water-coverage-2024,West Bengal,North 24 Parganas,,Water,Rural Tap Water Coverage,46.16,%,2024,FY 2024,District,OGD-JJM-2024-WB-01,"Total Rural Households: 894200, Tap Connections Provided: 412800"
ds-jjm-water-coverage-2024-REC-0025,ds-jjm-water-coverage-2024,West Bengal,South 24 Parganas,,Water,Rural Tap Water Coverage,40.57,%,2024,FY 2024,District,OGD-JJM-2024-WB-02,"Total Rural Households: 982100, Tap Connections Provided: 398400"
