state_name,district_name,total_rural_households,tap_connections_provided,coverage_percentage,report_year,source_row_id
MAHARASHTRA,Dharashiv,312450,158600,50.76,2024,OGD-JJM-2024-MH-01
Maharashtra,Pune,742100,612300,82.51,2024,OGD-JJM-2024-MH-02
Maharashtra,Nagpur,428900,345800,80.62,2024,OGD-JJM-2024-MH-03
Maharashtra,Nashik,689300,472100,68.49,2024,OGD-JJM-2024-MH-04
Maharashtra,Nanded,534100,298400,55.87,2024,OGD-JJM-2024-MH-05
KARNATAKA,Bengaluru Rural,198400,168200,84.78,2024,OGD-JJM-2024-KA-01
Karnataka,Belagavi,845600,589200,69.68,2024,OGD-JJM-2024-KA-02
Karnataka,Kalaburagi,498200,245100,49.20,2024,OGD-JJM-2024-KA-03
UTTAR PRADESH,Varanasi,394500,289100,73.28,2024,OGD-JJM-2024-UP-01
Uttar Pradesh,Gorakhpur,721400,412800,57.22,2024,OGD-JJM-2024-UP-02
Uttar Pradesh,Prayagraj,812900,438200,53.91,2024,OGD-JJM-2024-UP-03
TAMIL NADU,Madurai,412800,338400,81.98,2024,OGD-JJM-2024-TN-01
Tamil Nadu,Coimbatore,289600,265400,91.64,2024,OGD-JJM-2024-TN-02
BIHAR,Patna,512400,489200,95.47,2024,OGD-JJM-2024-BR-01
Bihar,Gaya,648200,562100,86.72,2024,OGD-JJM-2024-BR-02
MADHYA PRADESH,Indore,245800,189200,76.97,2024,OGD-JJM-2024-MP-01
Madhya Pradesh,Bhopal,189400,132100,69.75,2024,OGD-JJM-2024-MP-02
RAJASTHAN,Jaipur,589200,298400,50.65,2024,OGD-JJM-2024-RJ-01
Rajasthan,Jodhpur,482100,189400,39.29,2024,OGD-JJM-2024-RJ-02
GUJARAT,Ahmedabad,312800,298400,95.40,2024,OGD-JJM-2024-GJ-01
Gujarat,Surat,289400,278100,96.10,2024,OGD-JJM-2024-GJ-02
ODISHA,Khordha,298400,189200,63.41,2024,OGD-JJM-2024-OD-01
Odisha,Cuttack,389200,245100,62.98,2024,OGD-JJM-2024-OD-02
WEST BENGAL,North 24 Parganas,894200,412800,46.16,2024,OGD-JJM-2024-WB-01
West Bengal,South 24 Parganas,982100,398400,40.57,2024,OGD-JJM-2024-WB-02
